Domain Code,Domain,Area Code (M49),Area,Element Code,Element,Item Code (CPC),Item,Year Code,Year,Unit,Value,Flag,Flag Description,Note
"QCL","Crops and livestock products","170","Colombia","5312","Area harvested","01929.06","Agave fibres, raw, n.e.c.","2020","2020","ha","19325","I","Imputed value",""
"QCL","Crops and livestock products","170","Colombia","5312","Area harvested","01929.06","Agave fibres, raw, n.e.c.","2021","2021","ha","19573","I","Imputed value",""
"QCL","Crops and livestock products","170","Colombia","5312","Area harvested","01929.06","Agave fibres, raw, n.e.c.","2022","2022","ha","19802","I","Imputed value",""
"QCL","Crops and livestock products","170","Colombia","5312","Area harvested","01929.06","Agave fibres, raw, n.e.c.","2023","2023","ha","19567","E","Estimated value",""
"QCL","Crops and livestock products","170","Colombia","5312","Area harvested","01341","Apples","2020","2020","ha","432","A","Official figure",""
"QCL","Crops and livestock products","170","Colombia","5312","Area harvested","01341","Apples","2021","2021","ha","443","A","Official figure",""
"QCL","Crops and livestock products","170","Colombia","5312","Area harvested","01341","Apples","2022","2022","ha","450","A","Official figure",""
"QCL","Crops and livestock products","170","Colombia","5312","Area harvested","01341","Apples","2023","2023","ha","445","A","Official figure",""
"QCL","Crops and livestock products","170","Colombia","5312","Area harvested","01211","Asparagus","2020","2020","ha","87","A","Official figure",""
"QCL","Crops and livestock products","170","Colombia","5312","Area harvested","01211","Asparagus","2021","2021","ha","85","A","Official figure",""
"QCL","Crops and livestock products","170","Colombia","5312","Area harvested","01211","Asparagus","2022","2022","ha","82","A","Official figure",""
"QCL","Crops and livestock products","170","Colombia","5312","Area harvested","01211","Asparagus","2023","2023","ha","120","A","Official figure",""
"QCL","Crops and livestock products","170","Colombia","5312","Area harvested","01311","Avocados","2020","2020","ha","79397","A","Official figure",""
"QCL","Crops and livestock products","170","Colombia","5312","Area harvested","01311","Avocados","2021","2021","ha","94111","A","Official figure",""
"QCL","Crops and livestock products","170","Colombia","5312","Area harvested","01311","Avocados","2022","2022","ha","110183","A","Official figure",""
"QCL","Crops and livestock products","170","Colombia","5312","Area harvested","01311","Avocados","2023","2023","ha","106714","A","Official figure",""
"QCL","Crops and livestock products","170","Colombia","5312","Area harvested","01312","Bananas","2020","2020","ha","99267","A","Official figure",""
"QCL","Crops and livestock products","170","Colombia","5312","Area harvested","01312","Bananas","2021","2021","ha","101890","A","Official figure",""
"QCL","Crops and livestock products","170","Colombia","5312","Area harvested","01312","Bananas","2022","2022","ha","104823","A","Official figure",""
"QCL","Crops and livestock products","170","Colombia","5312","Area harvested","01312","Bananas","2023","2023","ha","105574","A","Official figure",""
"QCL","Crops and livestock products","170","Colombia","5312","Area harvested","0115","Barley","2020","2020","ha","2826","A","Official figure",""
"QCL","Crops and livestock products","170","Colombia","5312","Area harvested","0115","Barley","2021","2021","ha","2693","A","Official figure",""
"QCL","Crops and livestock products","170","Colombia","5312","Area harvested","0115","Barley","2022","2022","ha","2868","A","Official figure",""
"QCL","Crops and livestock products","170","Colombia","5312","Area harvested","0115","Barley","2023","2023","ha","3420","A","Official figure",""
"QCL","Crops and livestock products","170","Colombia","5312","Area harvested","01701","Beans, dry","2020","2020","ha","80840","A","Official figure",""
"QCL","Crops and livestock products","170","Colombia","5312","Area harvested","01701","Beans, dry","2021","2021","ha","82598","A","Official figure",""
"QCL","Crops and livestock products","170","Colombia","5312","Area harvested","01701","Beans, dry","2022","2022","ha","85225","A","Official figure",""
"QCL","Crops and livestock products","170","Colombia","5312","Area harvested","01701","Beans, dry","2023","2023","ha","91741","A","Official figure",""
"QCL","Crops and livestock products","170","Colombia","5312","Area harvested","01702","Broad beans and horse beans, dry","2020","2020","ha","2215","A","Official figure",""
"QCL","Crops and livestock products","170","Colombia","5312","Area harvested","01702","Broad beans and horse beans, dry","2021","2021","ha","990","A","Official figure",""
"QCL","Crops and livestock products","170","Colombia","5312","Area harvested","01702","Broad beans and horse beans, dry","2022","2022","ha","1640","A","Official figure",""
"QCL","Crops and livestock products","170","Colombia","5312","Area harvested","01702","Broad beans and horse beans, dry","2023","2023","ha","1780","A","Official figure",""
"QCL","Crops and livestock products","170","Colombia","5312","Area harvested","01243","Broad beans and horse beans, green","2020","2020","ha","8506","I","Imputed value",""
"QCL","Crops and livestock products","170","Colombia","5312","Area harvested","01243","Broad beans and horse beans, green","2021","2021","ha","8594","I","Imputed value",""
"QCL","Crops and livestock products","170","Colombia","5312","Area harvested","01243","Broad beans and horse beans, green","2022","2022","ha","8756","I","Imputed value",""
"QCL","Crops and livestock products","170","Colombia","5312","Area harvested","01243","Broad beans and horse beans, green","2023","2023","ha","8619","E","Estimated value",""
"QCL","Crops and livestock products","170","Colombia","5312","Area harvested","01212","Cabbages","2020","2020","ha","1358","A","Official figure",""
"QCL","Crops and livestock products","170","Colombia","5312","Area harvested","01212","Cabbages","2021","2021","ha","1287","A","Official figure",""
"QCL","Crops and livestock products","170","Colombia","5312","Area harvested","01212","Cabbages","2022","2022","ha","1264","A","Official figure",""
"QCL","Crops and livestock products","170","Colombia","5312","Area harvested","01212","Cabbages","2023","2023","ha","1304","A","Official figure",""
"QCL","Crops and livestock products","170","Colombia","5312","Area harvested","01229","Cantaloupes and other melons","2020","2020","ha","5395","A","Official figure",""
"QCL","Crops and livestock products","170","Colombia","5312","Area harvested","01229","Cantaloupes and other melons","2021","2021","ha","4735","A","Official figure",""
"QCL","Crops and livestock products","170","Colombia","5312","Area harvested","01229","Cantaloupes and other melons","2022","2022","ha","4241","A","Official figure",""
"QCL","Crops and livestock products","170","Colombia","5312","Area harvested","01229","Cantaloupes and other melons","2023","2023","ha","4740","A","Official figure",""
"QCL","Crops and livestock products","170","Colombia","5312","Area harvested","01251","Carrots and turnips","2020","2020","ha","9820","A","Official figure",""
"QCL","Crops and livestock products","170","Colombia","5312","Area harvested","01251","Carrots and turnips","2021","2021","ha","9681","A","Official figure",""
"QCL","Crops and livestock products","170","Colombia","5312","Area harvested","01251","Carrots and turnips","2022","2022","ha","10339","A","Official figure",""
"QCL","Crops and livestock products","170","Colombia","5312","Area harvested","01251","Carrots and turnips","2023","2023","ha","9397","A","Official figure",""
"QCL","Crops and livestock products","170","Colombia","5312","Area harvested","01372","Cashew nuts, in shell","2020","2020","ha","1606","A","Official figure",""
"QCL","Crops and livestock products","170","Colombia","5312","Area harvested","01372","Cashew nuts, in shell","2021","2021","ha","6641","A","Official figure",""
"QCL","Crops and livestock products","170","Colombia","5312","Area harvested","01372","Cashew nuts, in shell","2022","2022","ha","8589","A","Official figure",""
"QCL","Crops and livestock products","170","Colombia","5312","Area harvested","01372","Cashew nuts, in shell","2023","2023","ha","8013","A","Official figure",""
"QCL","Crops and livestock products","170","Colombia","5312","Area harvested","01219.01","Cassava leaves","2020","2020","ha","","M","Missing value (data cannot exist, not applicable)",""
"QCL","Crops and livestock products","170","Colombia","5312","Area harvested","01219.01","Cassava leaves","2021","2021","ha","","M","Missing value (data cannot exist, not applicable)",""
"QCL","Crops and livestock products","170","Colombia","5312","Area harvested","01219.01","Cassava leaves","2022","2022","ha","","M","Missing value (data cannot exist, not applicable)",""
"QCL","Crops and livestock products","170","Colombia","5312","Area harvested","01219.01","Cassava leaves","2023","2023","ha","","M","Missing value (data cannot exist, not applicable)",""
"QCL","Crops and livestock products","170","Colombia","5312","Area harvested","01520.01","Cassava, fresh","2020","2020","ha","97074","A","Official figure",""
"QCL","Crops and livestock products","170","Colombia","5312","Area harvested","01520.01","Cassava, fresh","2021","2021","ha","95133","A","Official figure",""
"QCL","Crops and livestock products","170","Colombia","5312","Area harvested","01520.01","Cassava, fresh","2022","2022","ha","96206","A","Official figure",""
"QCL","Crops and livestock products","170","Colombia","5312","Area harvested","01520.01","Cassava, fresh","2023","2023","ha","100670","A","Official figure",""
"QCL","Crops and livestock products","170","Colombia","5312","Area harvested","01213","Cauliflowers and broccoli","2020","2020","ha","1105","A","Official figure",""
"QCL","Crops and livestock products","170","Colombia","5312","Area harvested","01213","Cauliflowers and broccoli","2021","2021","ha","1168","A","Official figure",""
"QCL","Crops and livestock products","170","Colombia","5312","Area harvested","01213","Cauliflowers and broccoli","2022","2022","ha","1208","A","Official figure",""
"QCL","Crops and livestock products","170","Colombia","5312","Area harvested","01213","Cauliflowers and broccoli","2023","2023","ha","1141","A","Official figure",""
"QCL","Crops and livestock products","170","Colombia","5312","Area harvested","01199.90","Cereals n.e.c.","2020","2020","ha","4845","A","Official figure",""
"QCL","Crops and livestock products","170","Colombia","5312","Area harvested","01199.90","Cereals n.e.c.","2021","2021","ha","3506","A","Official figure",""
"QCL","Crops and livestock products","170","Colombia","5312","Area harvested","01199.90","Cereals n.e.c.","2022","2022","ha","2284","A","Official figure",""
"QCL","Crops and livestock products","170","Colombia","5312","Area harvested","01199.90","Cereals n.e.c.","2023","2023","ha","2402","A","Official figure",""
"QCL","Crops and livestock products","170","Colombia","5312","Area harvested","01703","Chick peas, dry","2020","2020","ha","93","A","Official figure",""
"QCL","Crops and livestock products","170","Colombia","5312","Area harvested","01703","Chick peas, dry","2021","2021","ha","94","A","Official figure",""
"QCL","Crops and livestock products","170","Colombia","5312","Area harvested","01703","Chick peas, dry","2022","2022","ha","7","A","Official figure",""
"QCL","Crops and livestock products","170","Colombia","5312","Area harvested","01703","Chick peas, dry","2023","2023","ha","14","A","Official figure",""
"QCL","Crops and livestock products","170","Colombia","5312","Area harvested","01231","Chillies and peppers, green (Capsicum spp. and Pimenta spp.)","2020","2020","ha","7975","A","Official figure",""
"QCL","Crops and livestock products","170","Colombia","5312","Area harvested","01231","Chillies and peppers, green (Capsicum spp. and Pimenta spp.)","2021","2021","ha","7948","A","Official figure",""
"QCL","Crops and livestock products","170","Colombia","5312","Area harvested","01231","Chillies and peppers, green (Capsicum spp. and Pimenta spp.)","2022","2022","ha","7729","A","Official figure",""
"QCL","Crops and livestock products","170","Colombia","5312","Area harvested","01231","Chillies and peppers, green (Capsicum spp. and Pimenta spp.)","2023","2023","ha","8284","A","Official figure",""
"QCL","Crops and livestock products","170","Colombia","5312","Area harvested","01640","Cocoa beans","2020","2020","ha","188371","A","Official figure",""
"QCL","Crops and livestock products","170","Colombia","5312","Area harvested","01640","Cocoa beans","2021","2021","ha","194428","A","Official figure",""
"QCL","Crops and livestock products","170","Colombia","5312","Area harvested","01640","Cocoa beans","2022","2022","ha","190000","A","Official figure",""
"QCL","Crops and livestock products","170","Colombia","5312","Area harvested","01640","Cocoa beans","2023","2023","ha","190800","A","Official figure",""
"QCL","Crops and livestock products","170","Colombia","5312","Area harvested","01460","Coconuts, in shell","2020","2020","ha","23186","A","Official figure",""
"QCL","Crops and livestock products","170","Colombia","5312","Area harvested","01460","Coconuts, in shell","2021","2021","ha","24152","A","Official figure",""
"QCL","Crops and livestock products","170","Colombia","5312","Area harvested","01460","Coconuts, in shell","2022","2022","ha","19372","A","Official figure",""
"QCL","Crops and livestock products","170","Colombia","5312","Area harvested","01460","Coconuts, in shell","2023","2023","ha","17328","A","Official figure",""
"QCL","Crops and livestock products","170","Colombia","5312","Area harvested","01610","Coffee, green","2020","2020","ha","844744","A","Official figure",""
"QCL","Crops and livestock products","170","Colombia","5312","Area harvested","01610","Coffee, green","2021","2021","ha","840112","A","Official figure",""
"QCL","Crops and livestock products","170","Colombia","5312","Area harvested","01610","Coffee, green","2022","2022","ha","842399","A","Official figure",""
"QCL","Crops and livestock products","170","Colombia","5312","Area harvested","01610","Coffee, green","2023","2023","ha","841354","A","Official figure",""
"QCL","Crops and livestock products","170","Colombia","5312","Area harvested","01232","Cucumbers and gherkins","2020","2020","ha","2015","A","Official figure",""
"QCL","Crops and livestock products","170","Colombia","5312","Area harvested","01232","Cucumbers and gherkins","2021","2021","ha","2204","A","Official figure",""
"QCL","Crops and livestock products","170","Colombia","5312","Area harvested","01232","Cucumbers and gherkins","2022","2022","ha","2211","A","Official figure",""
"QCL","Crops and livestock products","170","Colombia","5312","Area harvested","01232","Cucumbers and gherkins","2023","2023","ha","2263","A","Official figure",""
"QCL","Crops and livestock products","170","Colombia","5312","Area harvested","01314","Dates","2020","2020","ha","7","A","Official figure",""
"QCL","Crops and livestock products","170","Colombia","5312","Area harvested","01314","Dates","2021","2021","ha","10","A","Official figure",""
"QCL","Crops and livestock products","170","Colombia","5312","Area harvested","01314","Dates","2022","2022","ha","8","A","Official figure",""
"QCL","Crops and livestock products","170","Colombia","5312","Area harvested","01314","Dates","2023","2023","ha","7","A","Official figure",""
"QCL","Crops and livestock products","170","Colombia","5312","Area harvested","01599.10","Edible roots and tubers with high starch or inulin content, n.e.c., fresh","2020","2020","ha","14074","A","Official figure",""
"QCL","Crops and livestock products","170","Colombia","5312","Area harvested","01599.10","Edible roots and tubers with high starch or inulin content, n.e.c., fresh","2021","2021","ha","9267","A","Official figure",""
"QCL","Crops and livestock products","170","Colombia","5312","Area harvested","01599.10","Edible roots and tubers with high starch or inulin content, n.e.c., fresh","2022","2022","ha","8139","A","Official figure",""
"QCL","Crops and livestock products","170","Colombia","5312","Area harvested","01599.10","Edible roots and tubers with high starch or inulin content, n.e.c., fresh","2023","2023","ha","8506","A","Official figure",""
"QCL","Crops and livestock products","170","Colombia","5312","Area harvested","01233","Eggplants (aubergines)","2020","2020","ha","1349","A","Official figure",""
"QCL","Crops and livestock products","170","Colombia","5312","Area harvested","01233","Eggplants (aubergines)","2021","2021","ha","1380","A","Official figure",""
"QCL","Crops and livestock products","170","Colombia","5312","Area harvested","01233","Eggplants (aubergines)","2022","2022","ha","1195","A","Official figure",""
"QCL","Crops and livestock products","170","Colombia","5312","Area harvested","01233","Eggplants (aubergines)","2023","2023","ha","1339","A","Official figure",""
"QCL","Crops and livestock products","170","Colombia","5312","Area harvested","01315","Figs","2020","2020","ha","125","A","Official figure",""
"QCL","Crops and livestock products","170","Colombia","5312","Area harvested","01315","Figs","2021","2021","ha","119","A","Official figure",""
"QCL","Crops and livestock products","170","Colombia","5312","Area harvested","01315","Figs","2022","2022","ha","110","A","Official figure",""
"QCL","Crops and livestock products","170","Colombia","5312","Area harvested","01315","Figs","2023","2023","ha","101","A","Official figure",""
"QCL","Crops and livestock products","170","Colombia","5312","Area harvested","01330","Grapes","2020","2020","ha","2499","A","Official figure",""
"QCL","Crops and livestock products","170","Colombia","5312","Area harvested","01330","Grapes","2021","2021","ha","2912","A","Official figure",""
"QCL","Crops and livestock products","170","Colombia","5312","Area harvested","01330","Grapes","2022","2022","ha","3016","A","Official figure",""
"QCL","Crops and livestock products","170","Colombia","5312","Area harvested","01330","Grapes","2023","2023","ha","2984","A","Official figure",""
"QCL","Crops and livestock products","170","Colombia","5312","Area harvested","01252","Green garlic","2020","2020","ha","647","A","Official figure",""
"QCL","Crops and livestock products","170","Colombia","5312","Area harvested","01252","Green garlic","2021","2021","ha","584","A","Official figure",""
"QCL","Crops and livestock products","170","Colombia","5312","Area harvested","01252","Green garlic","2022","2022","ha","707","A","Official figure",""
"QCL","Crops and livestock products","170","Colombia","5312","Area harvested","01252","Green garlic","2023","2023","ha","787","A","Official figure",""
"QCL","Crops and livestock products","170","Colombia","5312","Area harvested","0142","Groundnuts, excluding shelled","2020","2020","ha","1664","A","Official figure",""
"QCL","Crops and livestock products","170","Colombia","5312","Area harvested","0142","Groundnuts, excluding shelled","2021","2021","ha","1738","A","Official figure",""
"QCL","Crops and livestock products","170","Colombia","5312","Area harvested","0142","Groundnuts, excluding shelled","2022","2022","ha","1805","A","Official figure",""
"QCL","Crops and livestock products","170","Colombia","5312","Area harvested","0142","Groundnuts, excluding shelled","2023","2023","ha","1698","A","Official figure",""
"QCL","Crops and livestock products","170","Colombia","5312","Area harvested","01322","Lemons and limes","2020","2020","ha","22704","A","Official figure",""
"QCL","Crops and livestock products","170","Colombia","5312","Area harvested","01322","Lemons and limes","2021","2021","ha","37544","A","Official figure",""
"QCL","Crops and livestock products","170","Colombia","5312","Area harvested","01322","Lemons and limes","2022","2022","ha","41655","A","Official figure",""
"QCL","Crops and livestock products","170","Colombia","5312","Area harvested","01322","Lemons and limes","2023","2023","ha","41479","A","Official figure",""
"QCL","Crops and livestock products","170","Colombia","5312","Area harvested","01704","Lentils, dry","2020","2020","ha","4489","I","Imputed value",""
"QCL","Crops and livestock products","170","Colombia","5312","Area harvested","01704","Lentils, dry","2021","2021","ha","4597","I","Imputed value",""
"QCL","Crops and livestock products","170","Colombia","5312","Area harvested","01704","Lentils, dry","2022","2022","ha","4541","E","Estimated value",""
"QCL","Crops and livestock products","170","Colombia","5312","Area harvested","01704","Lentils, dry","2023","2023","ha","4542","E","Estimated value",""
"QCL","Crops and livestock products","170","Colombia","5312","Area harvested","01214","Lettuce and chicory","2020","2020","ha","4909","A","Official figure",""
"QCL","Crops and livestock products","170","Colombia","5312","Area harvested","01214","Lettuce and chicory","2021","2021","ha","5246","A","Official figure",""
"QCL","Crops and livestock products","170","Colombia","5312","Area harvested","01214","Lettuce and chicory","2022","2022","ha","5072","A","Official figure",""
"QCL","Crops and livestock products","170","Colombia","5312","Area harvested","01214","Lettuce and chicory","2023","2023","ha","4892","A","Official figure",""
"QCL","Crops and livestock products","170","Colombia","5312","Area harvested","0112","Maize (corn)","2020","2020","ha","345069","A","Official figure",""
"QCL","Crops and livestock products","170","Colombia","5312","Area harvested","0112","Maize (corn)","2021","2021","ha","388901","A","Official figure",""
"QCL","Crops and livestock products","170","Colombia","5312","Area harvested","0112","Maize (corn)","2022","2022","ha","462626","A","Official figure",""
"QCL","Crops and livestock products","170","Colombia","5312","Area harvested","0112","Maize (corn)","2023","2023","ha","473192","A","Official figure",""
"QCL","Crops and livestock products","170","Colombia","5312","Area harvested","01316","Mangoes, guavas and mangosteens","2020","2020","ha","46170","A","Official figure",""
"QCL","Crops and livestock products","170","Colombia","5312","Area harvested","01316","Mangoes, guavas and mangosteens","2021","2021","ha","48999","A","Official figure",""
"QCL","Crops and livestock products","170","Colombia","5312","Area harvested","01316","Mangoes, guavas and mangosteens","2022","2022","ha","50154","A","Official figure",""
"QCL","Crops and livestock products","170","Colombia","5312","Area harvested","01316","Mangoes, guavas and mangosteens","2023","2023","ha","49397","A","Official figure",""
"QCL","Crops and livestock products","170","Colombia","5312","Area harvested","01950.01","Natural rubber in primary forms","2020","2020","ha","31600","A","Official figure",""
"QCL","Crops and livestock products","170","Colombia","5312","Area harvested","01950.01","Natural rubber in primary forms","2021","2021","ha","19170","A","Official figure",""
"QCL","Crops and livestock products","170","Colombia","5312","Area harvested","01950.01","Natural rubber in primary forms","2022","2022","ha","19200","A","Official figure",""
"QCL","Crops and livestock products","170","Colombia","5312","Area harvested","01950.01","Natural rubber in primary forms","2023","2023","ha","19872","A","Official figure",""
"QCL","Crops and livestock products","170","Colombia","5312","Area harvested","0117","Oats","2020","2020","ha","","M","Missing value (data cannot exist, not applicable)",""
"QCL","Crops and livestock products","170","Colombia","5312","Area harvested","0117","Oats","2021","2021","ha","","M","Missing value (data cannot exist, not applicable)",""
"QCL","Crops and livestock products","170","Colombia","5312","Area harvested","0117","Oats","2022","2022","ha","","M","Missing value (data cannot exist, not applicable)",""
"QCL","Crops and livestock products","170","Colombia","5312","Area harvested","0117","Oats","2023","2023","ha","","M","Missing value (data cannot exist, not applicable)",""
"QCL","Crops and livestock products","170","Colombia","5312","Area harvested","01491.01","Oil palm fruit","2020","2020","ha","478045","A","Official figure",""
"QCL","Crops and livestock products","170","Colombia","5312","Area harvested","01491.01","Oil palm fruit","2021","2021","ha","482649","A","Official figure",""
"QCL","Crops and livestock products","170","Colombia","5312","Area harvested","01491.01","Oil palm fruit","2022","2022","ha","487076","A","Official figure",""
"QCL","Crops and livestock products","170","Colombia","5312","Area harvested","01491.01","Oil palm fruit","2023","2023","ha","502624","A","Official figure",""
"QCL","Crops and livestock products","170","Colombia","5312","Area harvested","01253.02","Onions and shallots, dry (excluding dehydrated)","2020","2020","ha","27817","A","Official figure",""
"QCL","Crops and livestock products","170","Colombia","5312","Area harvested","01253.02","Onions and shallots, dry (excluding dehydrated)","2021","2021","ha","26439","A","Official figure",""
"QCL","Crops and livestock products","170","Colombia","5312","Area harvested","01253.02","Onions and shallots, dry (excluding dehydrated)","2022","2022","ha","26820","A","Official figure",""
"QCL","Crops and livestock products","170","Colombia","5312","Area harvested","01253.02","Onions and shallots, dry (excluding dehydrated)","2023","2023","ha","26206","A","Official figure",""
"QCL","Crops and livestock products","170","Colombia","5312","Area harvested","01323","Oranges","2020","2020","ha","23412","A","Official figure",""
"QCL","Crops and livestock products","170","Colombia","5312","Area harvested","01323","Oranges","2021","2021","ha","47488","A","Official figure",""
"QCL","Crops and livestock products","170","Colombia","5312","Area harvested","01323","Oranges","2022","2022","ha","47284","A","Official figure",""
"QCL","Crops and livestock products","170","Colombia","5312","Area harvested","01323","Oranges","2023","2023","ha","46467","A","Official figure",""
"QCL","Crops and livestock products","170","Colombia","5312","Area harvested","01329","Other citrus fruit, n.e.c.","2020","2020","ha","37787","A","Official figure",""
"QCL","Crops and livestock products","170","Colombia","5312","Area harvested","01329","Other citrus fruit, n.e.c.","2021","2021","ha","","M","Missing value (data cannot exist, not applicable)",""
"QCL","Crops and livestock products","170","Colombia","5312","Area harvested","01329","Other citrus fruit, n.e.c.","2022","2022","ha","","M","Missing value (data cannot exist, not applicable)",""
"QCL","Crops and livestock products","170","Colombia","5312","Area harvested","01329","Other citrus fruit, n.e.c.","2023","2023","ha","","M","Missing value (data cannot exist, not applicable)",""
"QCL","Crops and livestock products","170","Colombia","5312","Area harvested","01359.90","Other fruits, n.e.c.","2020","2020","ha","80859","A","Official figure",""
"QCL","Crops and livestock products","170","Colombia","5312","Area harvested","01359.90","Other fruits, n.e.c.","2021","2021","ha","88749","A","Official figure",""
"QCL","Crops and livestock products","170","Colombia","5312","Area harvested","01359.90","Other fruits, n.e.c.","2022","2022","ha","90436","A","Official figure",""
"QCL","Crops and livestock products","170","Colombia","5312","Area harvested","01359.90","Other fruits, n.e.c.","2023","2023","ha","92794","A","Official figure",""
"QCL","Crops and livestock products","170","Colombia","5312","Area harvested","01379.90","Other nuts (excluding wild edible nuts and groundnuts), in shell, n.e.c.","2020","2020","ha","383","A","Official figure",""
"QCL","Crops and livestock products","170","Colombia","5312","Area harvested","01379.90","Other nuts (excluding wild edible nuts and groundnuts), in shell, n.e.c.","2021","2021","ha","389","A","Official figure",""
"QCL","Crops and livestock products","170","Colombia","5312","Area harvested","01379.90","Other nuts (excluding wild edible nuts and groundnuts), in shell, n.e.c.","2022","2022","ha","483","A","Official figure",""
"QCL","Crops and livestock products","170","Colombia","5312","Area harvested","01379.90","Other nuts (excluding wild edible nuts and groundnuts), in shell, n.e.c.","2023","2023","ha","463","A","Official figure",""
"QCL","Crops and livestock products","170","Colombia","5312","Area harvested","01709.90","Other pulses n.e.c.","2020","2020","ha","","M","Missing value (data cannot exist, not applicable)",""
"QCL","Crops and livestock products","170","Colombia","5312","Area harvested","01709.90","Other pulses n.e.c.","2021","2021","ha","","M","Missing value (data cannot exist, not applicable)",""
"QCL","Crops and livestock products","170","Colombia","5312","Area harvested","01709.90","Other pulses n.e.c.","2022","2022","ha","","M","Missing value (data cannot exist, not applicable)",""
"QCL","Crops and livestock products","170","Colombia","5312","Area harvested","01709.90","Other pulses n.e.c.","2023","2023","ha","","M","Missing value (data cannot exist, not applicable)",""
"QCL","Crops and livestock products","170","Colombia","5312","Area harvested","01699","Other stimulant, spice and aromatic crops, n.e.c.","2020","2020","ha","4561","A","Official figure",""
"QCL","Crops and livestock products","170","Colombia","5312","Area harvested","01699","Other stimulant, spice and aromatic crops, n.e.c.","2021","2021","ha","3550","A","Official figure",""
"QCL","Crops and livestock products","170","Colombia","5312","Area harvested","01699","Other stimulant, spice and aromatic crops, n.e.c.","2022","2022","ha","3590","A","Official figure",""
"QCL","Crops and livestock products","170","Colombia","5312","Area harvested","01699","Other stimulant, spice and aromatic crops, n.e.c.","2023","2023","ha","3636","A","Official figure",""
"QCL","Crops and livestock products","170","Colombia","5312","Area harvested","01809","Other sugar crops n.e.c.","2020","2020","ha","","M","Missing value (data cannot exist, not applicable)",""
"QCL","Crops and livestock products","170","Colombia","5312","Area harvested","01809","Other sugar crops n.e.c.","2021","2021","ha","","M","Missing value (data cannot exist, not applicable)",""
"QCL","Crops and livestock products","170","Colombia","5312","Area harvested","01809","Other sugar crops n.e.c.","2022","2022","ha","","M","Missing value (data cannot exist, not applicable)",""
"QCL","Crops and livestock products","170","Colombia","5312","Area harvested","01809","Other sugar crops n.e.c.","2023","2023","ha","","M","Missing value (data cannot exist, not applicable)",""
"QCL","Crops and livestock products","170","Colombia","5312","Area harvested","01319","Other tropical fruits, n.e.c.","2020","2020","ha","58205","E","Estimated value",""
"QCL","Crops and livestock products","170","Colombia","5312","Area harvested","01319","Other tropical fruits, n.e.c.","2021","2021","ha","58212","E","Estimated value",""
"QCL","Crops and livestock products","170","Colombia","5312","Area harvested","01319","Other tropical fruits, n.e.c.","2022","2022","ha","58137","E","Estimated value",""
"QCL","Crops and livestock products","170","Colombia","5312","Area harvested","01319","Other tropical fruits, n.e.c.","2023","2023","ha","58185","E","Estimated value",""
"QCL","Crops and livestock products","170","Colombia","5312","Area harvested","01290.90","Other vegetables, fresh n.e.c.","2020","2020","ha","16680","A","Official figure",""
"QCL","Crops and livestock products","170","Colombia","5312","Area harvested","01290.90","Other vegetables, fresh n.e.c.","2021","2021","ha","16936","A","Official figure",""
"QCL","Crops and livestock products","170","Colombia","5312","Area harvested","01290.90","Other vegetables, fresh n.e.c.","2022","2022","ha","16130","A","Official figure",""
"QCL","Crops and livestock products","170","Colombia","5312","Area harvested","01290.90","Other vegetables, fresh n.e.c.","2023","2023","ha","16212","A","Official figure",""
"QCL","Crops and livestock products","170","Colombia","5312","Area harvested","01317","Papayas","2020","2020","ha","7300","A","Official figure",""
"QCL","Crops and livestock products","170","Colombia","5312","Area harvested","01317","Papayas","2021","2021","ha","6948","A","Official figure",""
"QCL","Crops and livestock products","170","Colombia","5312","Area harvested","01317","Papayas","2022","2022","ha","7594","A","Official figure",""
"QCL","Crops and livestock products","170","Colombia","5312","Area harvested","01317","Papayas","2023","2023","ha","8085","A","Official figure",""
"QCL","Crops and livestock products","170","Colombia","5312","Area harvested","01345","Peaches and nectarines","2020","2020","ha","2124","A","Official figure",""
"QCL","Crops and livestock products","170","Colombia","5312","Area harvested","01345","Peaches and nectarines","2021","2021","ha","2144","A","Official figure",""
"QCL","Crops and livestock products","170","Colombia","5312","Area harvested","01345","Peaches and nectarines","2022","2022","ha","2265","A","Official figure",""
"QCL","Crops and livestock products","170","Colombia","5312","Area harvested","01345","Peaches and nectarines","2023","2023","ha","2016","A","Official figure",""
"QCL","Crops and livestock products","170","Colombia","5312","Area harvested","01342.01","Pears","2020","2020","ha","1615","A","Official figure",""
"QCL","Crops and livestock products","170","Colombia","5312","Area harvested","01342.01","Pears","2021","2021","ha","1618","A","Official figure",""
"QCL","Crops and livestock products","170","Colombia","5312","Area harvested","01342.01","Pears","2022","2022","ha","1602","A","Official figure",""
"QCL","Crops and livestock products","170","Colombia","5312","Area harvested","01342.01","Pears","2023","2023","ha","1711","A","Official figure",""
"QCL","Crops and livestock products","170","Colombia","5312","Area harvested","01705","Peas, dry","2020","2020","ha","30603","A","Official figure",""
"QCL","Crops and livestock products","170","Colombia","5312","Area harvested","01705","Peas, dry","2021","2021","ha","27080","A","Official figure",""
"QCL","Crops and livestock products","170","Colombia","5312","Area harvested","01705","Peas, dry","2022","2022","ha","28030","A","Official figure",""
"QCL","Crops and livestock products","170","Colombia","5312","Area harvested","01705","Peas, dry","2023","2023","ha","26186","A","Official figure",""
"QCL","Crops and livestock products","170","Colombia","5312","Area harvested","01242","Peas, green","2020","2020","ha","","M","Missing value (data cannot exist, not applicable)",""
"QCL","Crops and livestock products","170","Colombia","5312","Area harvested","01242","Peas, green","2021","2021","ha","","M","Missing value (data cannot exist, not applicable)",""
"QCL","Crops and livestock products","170","Colombia","5312","Area harvested","01242","Peas, green","2022","2022","ha","","M","Missing value (data cannot exist, not applicable)",""
"QCL","Crops and livestock products","170","Colombia","5312","Area harvested","01242","Peas, green","2023","2023","ha","","M","Missing value (data cannot exist, not applicable)",""
"QCL","Crops and livestock products","170","Colombia","5312","Area harvested","01707","Pigeon peas, dry","2020","2020","ha","1633","A","Official figure",""
"QCL","Crops and livestock products","170","Colombia","5312","Area harvested","01707","Pigeon peas, dry","2021","2021","ha","1433","A","Official figure",""
"QCL","Crops and livestock products","170","Colombia","5312","Area harvested","01707","Pigeon peas, dry","2022","2022","ha","1200","A","Official figure",""
"QCL","Crops and livestock products","170","Colombia","5312","Area harvested","01707","Pigeon peas, dry","2023","2023","ha","572","A","Official figure",""
"QCL","Crops and livestock products","170","Colombia","5312","Area harvested","01318","Pineapples","2020","2020","ha","21009","A","Official figure",""
"QCL","Crops and livestock products","170","Colombia","5312","Area harvested","01318","Pineapples","2021","2021","ha","22876","A","Official figure",""
"QCL","Crops and livestock products","170","Colombia","5312","Area harvested","01318","Pineapples","2022","2022","ha","22870","A","Official figure",""
"QCL","Crops and livestock products","170","Colombia","5312","Area harvested","01318","Pineapples","2023","2023","ha","22526","A","Official figure",""
"QCL","Crops and livestock products","170","Colombia","5312","Area harvested","01313","Plantains and cooking bananas","2020","2020","ha","264106","A","Official figure",""
"QCL","Crops and livestock products","170","Colombia","5312","Area harvested","01313","Plantains and cooking bananas","2021","2021","ha","269652","A","Official figure",""
"QCL","Crops and livestock products","170","Colombia","5312","Area harvested","01313","Plantains and cooking bananas","2022","2022","ha","274731","A","Official figure",""
"QCL","Crops and livestock products","170","Colombia","5312","Area harvested","01313","Plantains and cooking bananas","2023","2023","ha","279229","A","Official figure",""
"QCL","Crops and livestock products","170","Colombia","5312","Area harvested","01346","Plums and sloes","2020","2020","ha","1322","A","Official figure",""
"QCL","Crops and livestock products","170","Colombia","5312","Area harvested","01346","Plums and sloes","2021","2021","ha","1387","A","Official figure",""
"QCL","Crops and livestock products","170","Colombia","5312","Area harvested","01346","Plums and sloes","2022","2022","ha","1402","A","Official figure",""
"QCL","Crops and livestock products","170","Colombia","5312","Area harvested","01346","Plums and sloes","2023","2023","ha","1371","A","Official figure",""
"QCL","Crops and livestock products","170","Colombia","5312","Area harvested","01510","Potatoes","2020","2020","ha","125426","A","Official figure",""
"QCL","Crops and livestock products","170","Colombia","5312","Area harvested","01510","Potatoes","2021","2021","ha","118070","A","Official figure",""
"QCL","Crops and livestock products","170","Colombia","5312","Area harvested","01510","Potatoes","2022","2022","ha","114916","A","Official figure",""
"QCL","Crops and livestock products","170","Colombia","5312","Area harvested","01510","Potatoes","2023","2023","ha","112975","A","Official figure",""
"QCL","Crops and livestock products","170","Colombia","5312","Area harvested","01235","Pumpkins, squash and gourds","2020","2020","ha","16613","A","Official figure",""
"QCL","Crops and livestock products","170","Colombia","5312","Area harvested","01235","Pumpkins, squash and gourds","2021","2021","ha","13413","A","Official figure",""
"QCL","Crops and livestock products","170","Colombia","5312","Area harvested","01235","Pumpkins, squash and gourds","2022","2022","ha","14754","A","Official figure",""
"QCL","Crops and livestock products","170","Colombia","5312","Area harvested","01235","Pumpkins, squash and gourds","2023","2023","ha","15940","A","Official figure",""
"QCL","Crops and livestock products","170","Colombia","5312","Area harvested","01443","Rape or colza seed","2020","2020","ha","","M","Missing value (data cannot exist, not applicable)",""
"QCL","Crops and livestock products","170","Colombia","5312","Area harvested","01443","Rape or colza seed","2021","2021","ha","","M","Missing value (data cannot exist, not applicable)",""
"QCL","Crops and livestock products","170","Colombia","5312","Area harvested","01443","Rape or colza seed","2022","2022","ha","","M","Missing value (data cannot exist, not applicable)",""
"QCL","Crops and livestock products","170","Colombia","5312","Area harvested","01443","Rape or colza seed","2023","2023","ha","","M","Missing value (data cannot exist, not applicable)",""
"QCL","Crops and livestock products","170","Colombia","5312","Area harvested","0113","Rice","2020","2020","ha","656000","A","Official figure",""
"QCL","Crops and livestock products","170","Colombia","5312","Area harvested","0113","Rice","2021","2021","ha","665200","A","Official figure",""
"QCL","Crops and livestock products","170","Colombia","5312","Area harvested","0113","Rice","2022","2022","ha","563300","A","Official figure",""
"QCL","Crops and livestock products","170","Colombia","5312","Area harvested","0113","Rice","2023","2023","ha","667500","A","Official figure",""
"QCL","Crops and livestock products","170","Colombia","5312","Area harvested","01921.01","Seed cotton, unginned","2020","2020","ha","8617","A","Official figure",""
"QCL","Crops and livestock products","170","Colombia","5312","Area harvested","01921.01","Seed cotton, unginned","2021","2021","ha","8308","A","Official figure",""
"QCL","Crops and livestock products","170","Colombia","5312","Area harvested","01921.01","Seed cotton, unginned","2022","2022","ha","13867","A","Official figure",""
"QCL","Crops and livestock products","170","Colombia","5312","Area harvested","01921.01","Seed cotton, unginned","2023","2023","ha","12561","A","Official figure",""
"QCL","Crops and livestock products","170","Colombia","5312","Area harvested","01444","Sesame seed","2020","2020","ha","5265","A","Official figure",""
"QCL","Crops and livestock products","170","Colombia","5312","Area harvested","01444","Sesame seed","2021","2021","ha","3875","A","Official figure",""
"QCL","Crops and livestock products","170","Colombia","5312","Area harvested","01444","Sesame seed","2022","2022","ha","4604","A","Official figure",""
"QCL","Crops and livestock products","170","Colombia","5312","Area harvested","01444","Sesame seed","2023","2023","ha","4875","A","Official figure",""
"QCL","Crops and livestock products","170","Colombia","5312","Area harvested","0114","Sorghum","2020","2020","ha","2332","A","Official figure",""
"QCL","Crops and livestock products","170","Colombia","5312","Area harvested","0114","Sorghum","2021","2021","ha","1916","A","Official figure",""
"QCL","Crops and livestock products","170","Colombia","5312","Area harvested","0114","Sorghum","2022","2022","ha","1050","A","Official figure",""
"QCL","Crops and livestock products","170","Colombia","5312","Area harvested","0114","Sorghum","2023","2023","ha","1500","A","Official figure",""
"QCL","Crops and livestock products","170","Colombia","5312","Area harvested","0141","Soya beans","2020","2020","ha","46393","A","Official figure",""
"QCL","Crops and livestock products","170","Colombia","5312","Area harvested","0141","Soya beans","2021","2021","ha","48407","A","Official figure",""
"QCL","Crops and livestock products","170","Colombia","5312","Area harvested","0141","Soya beans","2022","2022","ha","54722","A","Official figure",""
"QCL","Crops and livestock products","170","Colombia","5312","Area harvested","0141","Soya beans","2023","2023","ha","85540","A","Official figure",""
"QCL","Crops and livestock products","170","Colombia","5312","Area harvested","01215","Spinach","2020","2020","ha","300","A","Official figure",""
"QCL","Crops and livestock products","170","Colombia","5312","Area harvested","01215","Spinach","2021","2021","ha","286","A","Official figure",""
"QCL","Crops and livestock products","170","Colombia","5312","Area harvested","01215","Spinach","2022","2022","ha","291","A","Official figure",""
"QCL","Crops and livestock products","170","Colombia","5312","Area harvested","01215","Spinach","2023","2023","ha","274","A","Official figure",""
"QCL","Crops and livestock products","170","Colombia","5312","Area harvested","01354","Strawberries","2020","2020","ha","2643","A","Official figure",""
"QCL","Crops and livestock products","170","Colombia","5312","Area harvested","01354","Strawberries","2021","2021","ha","2517","A","Official figure",""
"QCL","Crops and livestock products","170","Colombia","5312","Area harvested","01354","Strawberries","2022","2022","ha","2912","A","Official figure",""
"QCL","Crops and livestock products","170","Colombia","5312","Area harvested","01354","Strawberries","2023","2023","ha","3243","A","Official figure",""
"QCL","Crops and livestock products","170","Colombia","5312","Area harvested","01801","Sugar beet","2020","2020","ha","1228","I","Imputed value",""
"QCL","Crops and livestock products","170","Colombia","5312","Area harvested","01801","Sugar beet","2021","2021","ha","1220","I","Imputed value",""
"QCL","Crops and livestock products","170","Colombia","5312","Area harvested","01801","Sugar beet","2022","2022","ha","1206","E","Estimated value",""
"QCL","Crops and livestock products","170","Colombia","5312","Area harvested","01801","Sugar beet","2023","2023","ha","1218","E","Estimated value",""
"QCL","Crops and livestock products","170","Colombia","5312","Area harvested","01802","Sugar cane","2020","2020","ha","407583","A","Official figure",""
"QCL","Crops and livestock products","170","Colombia","5312","Area harvested","01802","Sugar cane","2021","2021","ha","360290","A","Official figure",""
"QCL","Crops and livestock products","170","Colombia","5312","Area harvested","01802","Sugar cane","2022","2022","ha","384287","A","Official figure",""
"QCL","Crops and livestock products","170","Colombia","5312","Area harvested","01802","Sugar cane","2023","2023","ha","375928","A","Official figure",""
"QCL","Crops and livestock products","170","Colombia","5312","Area harvested","01445","Sunflower seed","2020","2020","ha","","M","Missing value (data cannot exist, not applicable)",""
"QCL","Crops and livestock products","170","Colombia","5312","Area harvested","01445","Sunflower seed","2021","2021","ha","","M","Missing value (data cannot exist, not applicable)",""
"QCL","Crops and livestock products","170","Colombia","5312","Area harvested","01445","Sunflower seed","2022","2022","ha","","M","Missing value (data cannot exist, not applicable)",""
"QCL","Crops and livestock products","170","Colombia","5312","Area harvested","01445","Sunflower seed","2023","2023","ha","","M","Missing value (data cannot exist, not applicable)",""
"QCL","Crops and livestock products","170","Colombia","5312","Area harvested","01324","Tangerines, mandarins, clementines","2020","2020","ha","18345","A","Official figure",""
"QCL","Crops and livestock products","170","Colombia","5312","Area harvested","01324","Tangerines, mandarins, clementines","2021","2021","ha","19242","A","Official figure",""
"QCL","Crops and livestock products","170","Colombia","5312","Area harvested","01324","Tangerines, mandarins, clementines","2022","2022","ha","20046","A","Official figure",""
"QCL","Crops and livestock products","170","Colombia","5312","Area harvested","01324","Tangerines, mandarins, clementines","2023","2023","ha","19630","A","Official figure",""
"QCL","Crops and livestock products","170","Colombia","5312","Area harvested","01620","Tea leaves","2020","2020","ha","69","A","Official figure",""
"QCL","Crops and livestock products","170","Colombia","5312","Area harvested","01620","Tea leaves","2021","2021","ha","89","A","Official figure",""
"QCL","Crops and livestock products","170","Colombia","5312","Area harvested","01620","Tea leaves","2022","2022","ha","90","A","Official figure",""
"QCL","Crops and livestock products","170","Colombia","5312","Area harvested","01620","Tea leaves","2023","2023","ha","90","A","Official figure",""
"QCL","Crops and livestock products","170","Colombia","5312","Area harvested","01234","Tomatoes","2020","2020","ha","17481","A","Official figure",""
"QCL","Crops and livestock products","170","Colombia","5312","Area harvested","01234","Tomatoes","2021","2021","ha","18245","A","Official figure",""
"QCL","Crops and livestock products","170","Colombia","5312","Area harvested","01234","Tomatoes","2022","2022","ha","17214","A","Official figure",""
"QCL","Crops and livestock products","170","Colombia","5312","Area harvested","01234","Tomatoes","2023","2023","ha","17355","A","Official figure",""
"QCL","Crops and livestock products","170","Colombia","5312","Area harvested","01970","Unmanufactured tobacco","2020","2020","ha","3983","A","Official figure",""
"QCL","Crops and livestock products","170","Colombia","5312","Area harvested","01970","Unmanufactured tobacco","2021","2021","ha","2140","A","Official figure",""
"QCL","Crops and livestock products","170","Colombia","5312","Area harvested","01970","Unmanufactured tobacco","2022","2022","ha","2312","A","Official figure",""
"QCL","Crops and livestock products","170","Colombia","5312","Area harvested","01970","Unmanufactured tobacco","2023","2023","ha","2298","A","Official figure",""
"QCL","Crops and livestock products","170","Colombia","5312","Area harvested","01221","Watermelons","2020","2020","ha","12726","A","Official figure",""
"QCL","Crops and livestock products","170","Colombia","5312","Area harvested","01221","Watermelons","2021","2021","ha","13175","A","Official figure",""
"QCL","Crops and livestock products","170","Colombia","5312","Area harvested","01221","Watermelons","2022","2022","ha","12643","A","Official figure",""
"QCL","Crops and livestock products","170","Colombia","5312","Area harvested","01221","Watermelons","2023","2023","ha","12923","A","Official figure",""
"QCL","Crops and livestock products","170","Colombia","5312","Area harvested","0111","Wheat","2020","2020","ha","2535","A","Official figure",""
"QCL","Crops and livestock products","170","Colombia","5312","Area harvested","0111","Wheat","2021","2021","ha","2600","A","Official figure",""
"QCL","Crops and livestock products","170","Colombia","5312","Area harvested","0111","Wheat","2022","2022","ha","4583","A","Official figure",""
"QCL","Crops and livestock products","170","Colombia","5312","Area harvested","0111","Wheat","2023","2023","ha","3000","A","Official figure",""
"QCL","Crops and livestock products","170","Colombia","5312","Area harvested","01540","Yams","2020","2020","ha","34517","A","Official figure",""
"QCL","Crops and livestock products","170","Colombia","5312","Area harvested","01540","Yams","2021","2021","ha","33927","A","Official figure",""
"QCL","Crops and livestock products","170","Colombia","5312","Area harvested","01540","Yams","2022","2022","ha","34098","A","Official figure",""
"QCL","Crops and livestock products","170","Colombia","5312","Area harvested","01540","Yams","2023","2023","ha","35725","A","Official figure",""
